{
  "results": [
    {
      "command": "target/release/Akaame ../../samples/weather_1B.csv",
      "mean": 232.71483228380004,
      "stddev": 1.8100177534131772,
      "median": 232.0326234222,
      "user": 228.33307174,
      "system": 4.32805836,
      "min": 231.05129349220002,
      "max": 235.49949835220002,
      "times": [
        235.49949835220002,
        232.0326234222,
        231.05129349220002,
        233.5006583662,
        231.4900877862
      ],
      "exit_codes": [
        0,
        0,
        0,
        0,
        0
      ]
    }
  ]
}
