{
  "results": [
    {
      "command": "target/release/alexsotocx ../../samples/weather_1B.csv",
      "mean": 179.78462991153998,
      "stddev": 1.1681295019958327,
      "median": 179.09617973994,
      "user": 174.69515356,
      "system": 5.054197820000001,
      "min": 178.79801930394,
      "max": 181.12818663194,
      "times": [
        178.91340318694,
        181.12818663194,
        178.79801930394,
        179.09617973994,
        180.98736069494
      ],
      "exit_codes": [
        0,
        0,
        0,
        0,
        0
      ]
    }
  ]
}
