{
  "results": [
    {
      "command": "target/release/barsuhn ../../samples/weather_1B.csv",
      "mean": 190.29944273508002,
      "stddev": 5.240300546077779,
      "median": 188.32729318008,
      "user": 188.1038708,
      "system": 2.1807971000000004,
      "min": 186.10275594308,
      "max": 198.99746258008,
      "times": [
        191.21286746308002,
        186.10275594308,
        198.99746258008,
        186.85683450908002,
        188.32729318008
      ],
      "exit_codes": [
        0,
        0,
        0,
        0,
        0
      ]
    }
  ]
}
