{
  "results": [
    {
      "command": "target/release/cgirstenbrei ../../samples/weather_1B.csv",
      "mean": 118.67308134039999,
      "stddev": 2.8637700908595756,
      "median": 117.3348117654,
      "user": 113.89163742000001,
      "system": 4.7450201,
      "min": 117.1484673984,
      "max": 123.7795341254,
      "times": [
        117.33147651840001,
        117.3348117654,
        117.77111689440001,
        117.1484673984,
        123.7795341254
      ],
      "exit_codes": [
        0,
        0,
        0,
        0,
        0
      ]
    }
  ]
}
