{
  "results": [
    {
      "command": "target/release/iOperator ../../samples/weather_1B.csv",
      "mean": 169.38963314021996,
      "stddev": 0.5828509560199935,
      "median": 169.04623502101998,
      "user": 164.23408375999998,
      "system": 5.124932459999999,
      "min": 168.83565090401999,
      "max": 170.09515678402,
      "times": [
        168.83565090401999,
        169.94265790301998,
        170.09515678402,
        169.04623502101998,
        169.02846508902
      ],
      "exit_codes": [
        0,
        0,
        0,
        0,
        0
      ]
    }
  ]
}
