{
  "results": [
    {
      "command": "cargo run --release -- ../../samples/weather_1B.csv",
      "mean": 116.88199371345999,
      "stddev": 0.5528076257889486,
      "median": 117.16225438006,
      "user": 112.29171348,
      "system": 4.345787919999999,
      "min": 115.93343267206001,
      "max": 117.27324154706,
      "times": [
        117.16225438006,
        117.18271904606,
        117.27324154706,
        115.93343267206001,
        116.85832092206
      ],
      "exit_codes": [
        0,
        0,
        0,
        0,
        0
      ]
    }
  ]
}
