{
  "results": [
    {
      "command": "cargo run --release -- ../../samples/weather_1B.csv",
      "mean": 111.45265133102001,
      "stddev": 0.44280481264153293,
      "median": 111.23375858082,
      "user": 109.00162134,
      "system": 2.25608436,
      "min": 111.02588424782,
      "max": 111.95618478882,
      "times": [
        111.14252274782,
        111.95618478882,
        111.23375858082,
        111.02588424782,
        111.90490628982
      ],
      "exit_codes": [
        0,
        0,
        0,
        0,
        0
      ]
    }
  ]
}
