{
  "results": [
    {
      "command": "target/release/hovinen ../../samples/weather_1B.csv",
      "mean": 60.687397549820005,
      "stddev": 0.2872044826675961,
      "median": 60.767807041219996,
      "user": 58.486990119999994,
      "system": 2.19595152,
      "min": 60.29407134222,
      "max": 60.97973326722,
      "times": [
        60.29407134222,
        60.90152929522,
        60.493846803219995,
        60.97973326722,
        60.767807041219996
      ],
      "exit_codes": [
        0,
        0,
        0,
        0,
        0
      ]
    }
  ]
}
