{
  "results": [
    {
      "command": "target/release/marcoow ../../samples/weather_1B.csv",
      "mean": 175.49558819898,
      "stddev": 1.0326829202256727,
      "median": 176.08377946637998,
      "user": 170.56368541999996,
      "system": 4.89404576,
      "min": 173.93497941537998,
      "max": 176.27638543938,
      "times": [
        176.08377946637998,
        176.24571623238,
        176.27638543938,
        174.93708044138,
        173.93497941537998
      ],
      "exit_codes": [
        0,
        0,
        0,
        0,
        0
      ]
    }
  ]
}
